{
 "configs": [

  "/config.live.json",
  "/config.setup.json",
  "/lang/lang.ru.json",
  "socket {{ip}}:81/"
 ],
 "title": "Главная",
 "class":"col-sm-offset-1 col-sm-10 col-md-offset-2 col-md-8 col-lg-offset-3 col-lg-6",
 "content": [
  {
   "type": "h5",
   "title": "{{SSDP}}",
   "class":"alert-warning"
  },
{
   "type": "h2",
   "title": "{{relay1}}"
  },
{
   "type":"button",
   "title":"({{state5}}?'{{LangOff}}':'{{LangOn}}')",
   "name":"relay2",
   "response":"[[relay2]]",
   "action":"pin?n=5",
   "class":"'btn btn-block btn-'+({{state5}}?'danger':'primary')"
  },
 {
   "type": "hr"
  },
{
   "type": "link",
   "title": "Таймеры",
   "action": "/page.htm?timers",
    "class": "btn btn-block btn-success"
  },
  {
   "type": "link",
   "title": "Конфигурация WIFI",
   "action": "/page.htm?setup",
    "class": "btn btn-block btn-success"
  }
 ]
}
